{"stats":{"minecraft:used":{"minecraft:stone_sword":4,"minecraft:stone_pickaxe":50,"minecraft:wooden_pickaxe":18,"biomesoplenty:fir_planks":1,"minecraft:cooked_chicken":1,"minecraft:rotten_flesh":2,"minecraft:torch":14,"minecraft:tnt":2,"minecraft:crafting_table":4,"minecraft:mushroom_stew":3,"minecraft:chiseled_quartz_block":3,"minecraft:carrot":5,"minecraft:cake":1,"minecraft:redstone_torch":2,"minecraft:dark_prismarine":1,"minecraft:wooden_axe":65,"minecraft:lever":1,"biomesoplenty:fir_sapling":2,"minecraft:stone_axe":93,"minecraft:potion":1,"minecraft:pumpkin_pie":3},"minecraft:crafted":{"minecraft:crafting_table":2,"minecraft:wooden_pickaxe":2,"minecraft:furnace":1,"minecraft:stone_axe":2,"biomesoplenty:fir_planks":48,"minecraft:stick":24,"minecraft:stone_pickaxe":2,"minecraft:wooden_axe":3,"minecraft:torch":20},"minecraft:broken":{"minecraft:stone_axe":1,"minecraft:wooden_axe":2},"minecraft:picked_up":{"minecraft:crafting_table":4,"minecraft:feather":2,"minecraft:chicken":1,"minecraft:chiseled_quartz_block":22,"minecraft:potion":1,"biomesoplenty:fir_sapling":2,"biomesoplenty:fir_log":12,"gravestone:obituary":3,"minecraft:gray_concrete":3,"minecraft:soul_soil":1,"minecraft:string":4,"minecraft:waxed_cut_copper_slab":2,"minecraft:bone":13,"minecraft:wheat_seeds":1,"biomesoplenty:fir_planks":1,"minecraft:redstone_torch":3,"minecraft:cooked_chicken":1,"minecraft:dark_oak_sign":3,"minecraft:player_head":1,"minecraft:calcite":18,"minecraft:smooth_quartz":4,"minecraft:spruce_slab":12,"minecraft:egg":2,"minecraft:book":6,"biomesoplenty:toadstool":3,"minecraft:stripped_mangrove_wood":3,"minecraft:stick":2,"minecraft:big_dripleaf":2,"minecraft:polished_deepslate_stairs":1,"minecraft:torch":4,"minecraft:bowl":1,"minecraft:blast_furnace":1,"minecraft:diorite":6,"minecraft:cyan_bed":1,"minecraft:redstone":1,"alexsmobs:animal_dictionary":1,"minecraft:dark_prismarine":2,"minecraft:dark_oak_planks":2,"minecraft:arrow":12,"minecraft:rotten_flesh":37,"minecraft:diamond":1,"minecraft:lever":1,"minecraft:cobblestone":16,"minecraft:coal":17,"iceandfire:raw_silver":2},"minecraft:killed":{"minecraft:husk":16,"minecraft:skeleton":8,"minecraft:pillager":1,"minecraft:zombie":2,"minecraft:chicken":1},"minecraft:killed_by":{"minecraft:skeleton":4},"minecraft:mined":{"minecraft:dark_oak_planks":2,"minecraft:waxed_cut_copper_slab":2,"minecraft:light_blue_stained_glass_pane":1,"minecraft:dark_prismarine":2,"iceandfire:silver_ore":2,"minecraft:lever":1,"minecraft:chiseled_quartz_block":7,"minecraft:crafting_table":4,"minecraft:cave_vines_plant":1,"gravestone:gravestone":7,"biomesoplenty:fir_planks":1,"minecraft:calcite":2,"minecraft:redstone_wire":1,"minecraft:cyan_bed":1,"minecraft:diorite":1,"minecraft:big_dripleaf":1,"minecraft:spawner":3,"biomesoplenty:toadstool":2,"biomesoplenty:fir_log":12,"minecraft:grass":2,"minecraft:bookshelf":2,"minecraft:coal_ore":17,"minecraft:cave_vines":2,"biomesoplenty:fir_leaves":26,"minecraft:light_gray_concrete":3,"minecraft:smooth_quartz":4,"minecraft:stone":16,"minecraft:small_dripleaf":1,"minecraft:player_head":1,"minecraft:redstone_wall_torch":1,"minecraft:tripwire":1},"minecraft:custom":{"minecraft:interact_with_furnace":2,"minecraft:mob_kills":28,"minecraft:interact_with_crafting_table":13,"minecraft:open_barrel":6,"minecraft:interact_with_campfire":1,"minecraft:eat_cake_slice":7,"minecraft:time_since_death":3472,"minecraft:climb_one_cm":43207,"minecraft:time_since_rest":3506,"minecraft:sprint_one_cm":118115,"minecraft:damage_taken":2898,"minecraft:walk_one_cm":145397,"minecraft:drop":22,"minecraft:damage_dealt":8045,"minecraft:play_noteblock":2,"minecraft:swim_one_cm":347,"minecraft:fly_one_cm":80338,"minecraft:open_chest":12,"minecraft:crouch_one_cm":5897,"minecraft:play_time":43269,"minecraft:deaths":8,"minecraft:sneak_time":2340,"minecraft:walk_under_water_one_cm":261,"minecraft:jump":482,"minecraft:interact_with_blast_furnace":4,"minecraft:walk_on_water_one_cm":616,"minecraft:total_world_time":43269,"minecraft:inspect_dispenser":1,"minecraft:fall_one_cm":18608},"minecraft:dropped":{"minecraft:stone_sword":1,"alexsmobs:animal_dictionary":1,"minecraft:bowl":2,"minecraft:rotten_flesh":10,"minecraft:stick":1,"biomesoplenty:fir_planks":17,"gravestone:obituary":7,"minecraft:arrow":2,"minecraft:wooden_pickaxe":1,"minecraft:bone":4,"minecraft:egg":2}},"DataVersion":3465}