{"stats":{"minecraft:killed_by":{"alexsmobs:bison":1},"minecraft:custom":{"minecraft:jump":158,"minecraft:deaths":1,"minecraft:time_since_rest":1268,"minecraft:damage_dealt":40,"minecraft:walk_one_cm":4698,"minecraft:leave_game":2,"minecraft:play_time":4808,"minecraft:sprint_one_cm":8807,"minecraft:damage_taken":280,"minecraft:time_since_death":1241,"minecraft:total_world_time":4808,"minecraft:fall_one_cm":8733,"minecraft:fly_one_cm":42475},"minecraft:mined":{"minecraft:grass":4,"biomesoplenty:huge_clover_petal":6},"minecraft:used":{"alexsmobs:animal_dictionary":1},"minecraft:picked_up":{"alexsmobs:animal_dictionary":1}},"DataVersion":3465}