{"stats":{"minecraft:used":{"minecraft:stone_sword":112,"minecraft:stone_pickaxe":38,"minecraft:wooden_pickaxe":12,"minecraft:iron_sword":243,"biomesoplenty:fir_planks":16,"minecraft:rotten_flesh":1,"minecraft:torch":1,"minecraft:glow_berries":2,"minecraft:crafting_table":3,"minecraft:cake":1,"minecraft:apple":7,"minecraft:bread":9,"minecraft:cobblestone":1,"minecraft:soul_soil":1,"minecraft:pumpkin_pie":1,"alexsmobs:animal_dictionary":2,"minecraft:egg":1},"minecraft:crafted":{"minecraft:crafting_table":2,"minecraft:wooden_pickaxe":1,"minecraft:iron_sword":1,"biomesoplenty:fir_planks":20,"minecraft:stick":8,"minecraft:stone_pickaxe":1,"minecraft:stone_sword":1},"minecraft:picked_up":{"minecraft:crafting_table":1,"minecraft:wooden_pickaxe":1,"biomesoplenty:fir_log":5,"gravestone:obituary":4,"minecraft:dirt":1,"minecraft:string":1,"minecraft:soul_soil":2,"minecraft:red_nether_bricks":2,"minecraft:bone":12,"minecraft:wheat_seeds":1,"biomesoplenty:fir_planks":19,"minecraft:spruce_planks":14,"minecraft:calcite":16,"minecraft:egg":1,"minecraft:stick":1,"minecraft:stripped_mangrove_wood":3,"minecraft:polished_deepslate_stairs":1,"minecraft:bowl":1,"minecraft:blast_furnace":1,"minecraft:diorite":5,"minecraft:redstone":1,"minecraft:spider_eye":1,"alexsmobs:animal_dictionary":1,"minecraft:light_gray_concrete":19,"minecraft:stone_sword":1,"minecraft:arrow":7,"minecraft:rotten_flesh":23,"minecraft:bread":3,"minecraft:glow_berries":1,"minecraft:iron_bars":1,"minecraft:cobblestone":12},"minecraft:killed":{"minecraft:husk":30,"minecraft:spider":2,"minecraft:skeleton":7,"minecraft:zombie":5},"minecraft:mined":{"minecraft:polished_deepslate_stairs":1,"minecraft:red_nether_bricks":2,"minecraft:crafting_table":1,"gravestone:gravestone":2,"biomesoplenty:bush":1,"minecraft:blast_furnace":1,"biomesoplenty:fir_planks":1,"minecraft:grass_block":1,"minecraft:calcite":16,"minecraft:soul_soil":1,"minecraft:soul_campfire":1,"minecraft:diorite":5,"minecraft:spawner":2,"minecraft:cyan_wool":1,"biomesoplenty:fir_log":5,"minecraft:grass":1,"minecraft:cave_vines":1,"biomesoplenty:fir_leaves":2,"minecraft:iron_bars":1,"minecraft:stone":12,"minecraft:stripped_mangrove_wood":3,"minecraft:polished_deepslate_wall":1,"minecraft:tripwire":1,"minecraft:fern":3},"minecraft:killed_by":{"minecraft:husk":1},"minecraft:custom":{"minecraft:interact_with_furnace":2,"minecraft:mob_kills":44,"minecraft:interact_with_crafting_table":5,"minecraft:open_barrel":6,"minecraft:eat_cake_slice":3,"minecraft:leave_game":4,"minecraft:time_since_death":25364,"minecraft:climb_one_cm":32112,"minecraft:time_since_rest":25392,"minecraft:sprint_one_cm":39660,"minecraft:damage_taken":1605,"minecraft:walk_one_cm":110718,"minecraft:drop":3,"minecraft:damage_dealt":11760,"minecraft:fly_one_cm":43865,"minecraft:open_chest":8,"minecraft:crouch_one_cm":4251,"minecraft:play_time":36060,"minecraft:deaths":2,"minecraft:sneak_time":1788,"minecraft:walk_under_water_one_cm":566,"minecraft:jump":299,"minecraft:interact_with_blast_furnace":1,"minecraft:walk_on_water_one_cm":740,"minecraft:total_world_time":36060,"minecraft:fall_one_cm":5905},"minecraft:dropped":{"minecraft:stick":2,"gravestone:obituary":1,"minecraft:wooden_pickaxe":1}},"DataVersion":3465}