{"stats":{"minecraft:killed":{"minecraft:cow":1},"minecraft:mined":{"minecraft:tall_grass":1,"minecraft:grass":4},"minecraft:custom":{"minecraft:jump":68,"minecraft:time_since_rest":2105,"minecraft:damage_dealt":125,"minecraft:leave_game":1,"minecraft:sprint_one_cm":3661,"minecraft:play_time":2105,"minecraft:damage_taken":140,"minecraft:time_since_death":2105,"minecraft:walk_one_cm":7352,"minecraft:total_world_time":2105,"minecraft:mob_kills":1,"minecraft:fall_one_cm":4764,"minecraft:fly_one_cm":9986},"minecraft:picked_up":{"minecraft:beef":2,"minecraft:wheat_seeds":1}},"DataVersion":3465}